name,world_rank,teaching,num_students,student_staff_ratio,international_students,female_percent,year
Harvard University,1,99.7,20152,8.9,25,,2011
California Institute of Technology,2,97.7,2243,6.9,27,33,2011
Massachusetts Institute of Technology,3,97.8,11074,9,33,37,2011
Stanford University,4,98.3,15596,7.8,22,42,2011
Princeton University,5,90.9,7929,8.4,27,45,2011
University of Cambridge,6,90.5,18812,11.8,34,46,2011
University of Oxford,6,88.2,19919,11.6,34,46,2011
"University of California, Berkeley",8,84.2,36186,16.4,15,50,2011
Imperial College London,9,89.2,15060,11.7,51,37,2011
Yale University,10,92.1,11751,4.4,20,50,2011
"University of California, Los Angeles",11,83,38206,10.3,15,52,2011
University of Chicago,12,79.1,14221,6.9,21,42,2011
Johns Hopkins University,13,80.9,15128,3.6,23,50,2011
Cornell University,14,82.2,21424,10.2,19,48,2011
ETH Zurich __ Swiss Federal Institute of Technology Zurich,15,77.5,18178,14.7,37,31,2011
University of Michigan,15,83.9,41786,9,16,48,2011
University of Pennsylvania,19,71.8,20376,6.5,20,51,2011
Carnegie Mellon University,20,70.3,11885,13.1,35,39,2011
University of Hong Kong,21,68.4,19835,17.6,38,53,2011
University College London,22,74,26607,10.7,46,56,2011
University of Washington,23,68.2,44020,11.8,13,53,2011
Duke University,24,66.8,15172,4.8,17,49,2011
Northwestern University,25,64.5,18334,13.8,15,48,2011
Georgia Institute of Technology,27,67.9,19967,20.1,26,31,2011
"University of California, Santa Barbara",29,56.6,22020,27.3,11,52,2011
University of British Columbia,30,65.1,50152,17.6,25,54,2011
University of North Carolina at Chapel Hill,30,70.9,26518,7.3,8,58,2011
"University of California, San Diego",32,59.8,27233,6.5,11,48,2011
University of Illinois at Urbana-Champaign,33,68.1,42727,18.7,20,47,2011
National University of Singapore,34,65.5,31592,15.5,34,49,2011
McGill University,35,69,31326,13.7,23,56,2011
University of Melbourne,36,58.7,40128,23.7,35,55,2011
University of Edinburgh,40,59.9,25774,14.1,36,58,2011
神cole Normale Sup姓rieure,42,66.8,2400,7.9,20,46,2011
Australian National University,43,51.9,14604,19.2,35,52,2011
Karolinska Institute,43,65.8,7774,11.5,22,70,2011
University of G神ttingen,43,57.3,25581,25.6,12,51,2011
Rice University,47,57.4,6333,9,26,44,2011
神cole Polytechnique F姓d姓rale de Lausanne,48,55,9666,10.5,54,27,2011
"University of California, Irvine",49,49.4,26614,16.1,16,52,2011
Vanderbilt University,51,64.9,12161,3.6,10,52,2011
University of Minnesota,52,57.6,46825,18,13,52,2011
Tufts University,53,64.1,10410,10,14,54,2011
"University of California, Davis",54,57.3,35364,13.9,13,54,2011
University of Massachusetts,56,61.3,56959,13,11,49,2011
Tsinghua University,58,74.9,39763,13.7,10,32,2011
Boston University,59,53.6,24789,8.6,17,58,2011
New York University,60,62,42056,6.8,19,55,2011
Emory University,61,63.4,12338,4.5,18,56,2011
LMU Munich,61,59.1,35691,15.5,13,62,2011
University of Notre Dame,63,56.4,11829,13.8,10,44,2011
University of Pittsburgh,64,58.5,26485,5.8,10,51,2011
Case Western Reserve University,65,67.2,9259,6.4,17,48,2011
Ohio State University,66,63.5,51462,13.4,12,49,2011
University of Colorado Boulder,67,46.4,29325,16.1,8,45,2011
University of Bristol,68,49.6,17906,14,25,53,2011
"University of California, Santa Cruz",68,38.3,17404,22.7,1,53,2011
Yeshiva University,68,63.5,6753,5.5,7,53,2011
University of Sydney,71,49.8,41868,20.2,28,57,2011
University of Virginia,72,62,23845,10.2,12,52,2011
University of Adelaide,73,46.5,20771,30.1,26,48,2011
University of Southern California,73,65.4,36534,12.9,20,52,2011
William & Mary,75,53.1,7867,11.8,7,54,2011
Trinity College Dublin,76,47.7,15521,18,25,57,2011
King__s College London,77,48.5,21394,11.4,37,61,2011
Stony Brook University,78,48.5,21908,10.9,24,50,2011
University of Sussex,79,42.4,12001,17.4,35,54,2011
The University of Queensland,81,51.8,34718,32.7,27,53,2011
Heidelberg University,83,59.2,28881,24.5,17,55,2011
University of Utah,83,55.8,25674,16.9,9,45,2011
Durham University,85,39.8,15489,15.7,24,54,2011
University of Manchester,87,56.5,34938,15.3,34,52,2011
"Royal Holloway, University of London",88,37.7,8747,15.9,37,57,2011
University of Southampton,90,50.8,20925,13.5,29,53,2011
University of Zurich,90,56.6,26583,6.5,19,57,2011
Wake Forest University,90,54.6,7326,4.6,5,51,2011
McMaster University,93,44.7,23823,19.3,15,53,2011
George Washington University,95,60.6,20541,12,16,56,2011
University of Arizona,95,52.4,36429,12.7,8,52,2011
University of Basel,95,50.2,12551,17.3,24,54,2011
"University of Maryland, College Park",98,45.4,31331,8.4,9,48,2011
Dartmouth College,99,44.7,6178,6.6,16,47,2011
神cole Normale Sup姓rieure de Lyon,100,51.1,2218,8,14,49,2011
Technical University of Munich,101,50.4,35565,31.5,20,33,2011
University of Helsinki,102,49,23505,15.1,6,66,2011
University of St Andrews,103,44.8,8338,12.7,47,56,2011
Rensselaer Polytechnic Institute,104,50.5,6671,15,16,30,2011
"Rutgers, the State University of New Jersey",105,53.4,37032,17.3,8,51,2011
Purdue University,106,57,39256,18.1,22,42,2011
National Tsing Hua University,107,52.2,10221,13.5,5,33,2011
University of Cape Town,107,36.6,20040,12.1,18,53,2011
Pennsylvania State University,109,46.3,44501,12.4,12,46,2011
Hong Kong Baptist University,111,32.9,10441,11,25,61,2011
National Taiwan University,115,50.3,31891,11.9,7,39,2011
"University of California, Riverside",117,38.6,20626,22,12,51,2011
University of Geneva,118,46.6,15668,15,39,61,2011
KU Leuven,119,57.7,42503,41.9,18,54,2011
Nanjing University,120,52.2,29743,13.3,10,46,2011
Queen Mary University of London,120,39.7,14260,14,40,52,2011
Michigan State University,122,50.4,44750,15.7,15,51,2011
Technical University of Denmark,122,46.2,9990,5,18,27,2011
Ghent University,124,52.8,32166,34.1,9,57,2011
Lancaster University,124,43.5,11512,14.9,33,52,2011
Leiden University,124,47.3,21222,17.1,10,59,2011
University of Alberta,127,53.7,36299,21.6,23,55,2011
University of Glasgow,128,45.6,22616,16,29,57,2011
Stockholm University,129,36.9,31715,23.7,8,62,2011
Osaka University,130,61.7,23144,7.8,9,31,2011
University of Victoria,130,32.9,17581,21.5,11,56,2011
Tohoku University,132,60.3,17200,5,7,25,2011
University of Freiburg,132,52.4,26467,31.2,16,52,2011
University of Iowa,132,48.6,27526,11.6,11,52,2011
University of Bergen,135,39.9,11623,11.1,12,60,2011
University of Sheffield,137,48.9,23311,15.5,31,50,2011
University of Montreal,138,56.1,38264,20.3,25,57,2011
VU University Amsterdam,139,47.6,23280,16.3,6,56,2011
Pierre and Marie Curie University,140,51.9,27862,8.7,18,48,2011
University of Dundee,140,34.1,11628,15.3,25,60,2011
University of Barcelona,142,34.1,47491,12.2,10,62,2011
Utrecht University,143,43.4,30779,15.4,7,59,2011
Wageningen University and Research Center,144,58.5,9248,17,21,56,2011
University of Auckland,145,34.8,29787,18.9,28,54,2011
University of Birmingham,145,50.3,25295,16.4,23,54,2011
Alexandria University,147,29.5,127431,23.3,1,46,2011
Uppsala University,147,49.6,25266,18.2,12,57,2011
Hong Kong Polytechnic University,149,39.4,22064,25.9,26,51,2011
University of Aberdeen,149,37.8,12938,15.8,33,54,2011
Delft University of Technology,151,55.5,15920,19.4,25,26,2011
"Birkbeck, University of London",152,41.2,9454,17.2,38,55,2011
Newcastle University,152,42.7,20174,15.2,29,50,2011
University of New South Wales,152,49.5,38309,25.9,33,47,2011
Pompeu Fabra University,155,35,10901,18.3,13,59,2011
Indiana University,156,48.5,62468,13.6,13,53,2011
Iowa State University,156,49.3,29991,17.4,11,44,2011
Erasmus University Rotterdam,159,39.4,20580,18.9,18,48,2011
University of Delaware,159,38.4,19262,15.9,10,56,2011
Arizona State University,161,43,83236,29.9,9,50,2011
Boston College,161,40.1,13216,17.4,19,54,2011
National Sun Yat-Sen University,163,46.1,9336,19.6,4,37,2011
Georgetown University,164,65.1,15408,8.5,14,53,2011
University of Amsterdam,165,42.5,24570,14.4,11,53,2011
University of Liverpool,165,40.8,18815,13.6,30,52,2011
Aarhus University,167,38.1,23895,13.6,14,54,2011
University of Leeds,168,46.2,27703,14.7,21,58,2011
University of W神rzburg,168,48.7,26576,38.4,8,57,2011
University of Groningen,170,41.7,24556,25.6,12,52,2011
Sun Yat-sen University,171,46.2,51351,16.6,8,51,2011
Goethe University Frankfurt,172,39.2,31861,9.3,15,60,2011
Bielefeld University,173,39.9,21428,67.8,8,57,2011
Nanyang Technological University,174,43.6,25028,16.2,33,48,2011
University of East Anglia,174,42.1,14992,14.7,28,58,2011
University of Nottingham,174,46.8,30144,15,27,54,2011
University of Copenhagen,177,44.1,27545,4.1,19,67,2011
Monash University,178,39.4,50882,40.5,36,56,2011
University of Bonn,178,46.8,32474,70.4,13,55,2011
National Chiao Tung University,181,53.2,12646,16.6,5,27,2011
RWTH Aachen University,182,50,37917,27.6,16,31,2011
Middle East Technical University,183,39.5,25779,22.2,7,44,2011
University of Exeter,184,40.4,17755,18.8,28,54,2011
University of Twente,185,49.9,6631,12,26,37,2011
University of Konstanz,186,42.7,10930,59.1,12,54,2011
Karlsruhe Institute of Technology,187,45,25294,24.6,16,26,2011
University of Innsbruck,187,37.9,18209,16.9,39,54,2011
University of T神bingen,189,45.9,28327,38.9,12,58,2011
Drexel University,190,45,20713,10.8,18,48,2011
University of Cincinnati,190,43.6,36108,15.7,6,54,2011
Dalhousie University,193,41.6,15064,14.4,18,55,2011
KTH Royal Institute of Technology,193,49.1,12062,14.6,21,30,2011
University of Vienna,195,47.6,34651,20.5,25,67,2011
Kent State University,196,33.5,23122,19,8,58,2011
University of Illinois at Chicago,197,57.8,24313,9.2,17,53,2011
Zhejiang University,197,54.6,47508,15.9,5,41,2011
Simon Fraser University,199,32.9,26640,28.3,19,55,2011
California Institute of Technology,1,95.7,2243,6.9,27,33,2012
Stanford University,2,94.8,15596,7.8,22,42,2012
University of Oxford,4,89.5,19919,11.6,34,46,2012
Princeton University,5,91.5,7929,8.4,27,45,2012
University of Cambridge,6,90.5,18812,11.8,34,46,2012
Massachusetts Institute of Technology,7,92.7,11074,9,33,37,2012
Imperial College London,8,88.8,15060,11.7,51,37,2012
University of Chicago,9,89.4,14221,6.9,21,42,2012
"University of California, Berkeley",10,82.8,36186,16.4,15,50,2012
Yale University,11,92.3,11751,4.4,20,50,2012
"University of California, Los Angeles",13,85.9,38206,10.3,15,52,2012
Johns Hopkins University,14,78.9,15128,3.6,23,50,2012
ETH Zurich __ Swiss Federal Institute of Technology Zurich,15,79.1,18178,14.7,37,31,2012
University of Pennsylvania,16,87,20376,6.5,20,51,2012
University College London,17,77.8,26607,10.7,46,56,2012
University of Michigan,18,75.4,41786,9,16,48,2012
Cornell University,20,70.4,21424,10.2,19,48,2012
Carnegie Mellon University,21,65.7,11885,13.1,35,39,2012
Duke University,22,62.6,15172,4.8,17,49,2012
University of British Columbia,22,68.6,50152,17.6,25,54,2012
Georgia Institute of Technology,24,66.6,19967,20.1,26,31,2012
University of Washington,25,70.8,44020,11.8,13,53,2012
Northwestern University,26,66.3,18334,13.8,15,48,2012
University of Wisconsin-Madison,27,74.3,39655,10.8,11,51,2012
McGill University,28,72.8,31326,13.7,23,56,2012
University of Texas at Austin,29,69.5,49427,17.4,9,51,2012
University of Illinois at Urbana-Champaign,31,67.9,42727,18.7,20,47,2012
Karolinska Institute,32,69.9,7774,11.5,22,70,2012
"University of California, San Diego",33,61.4,27233,6.5,11,48,2012
University of Hong Kong,34,74,19835,17.6,38,53,2012
"University of California, Santa Barbara",35,55,22020,27.3,11,52,2012
University of Edinburgh,36,63,25774,14.1,36,58,2012
University of Melbourne,37,62.2,40128,23.7,35,55,2012
Australian National University,38,62.8,14604,19.2,35,52,2012
"University of California, Davis",38,68,35364,13.9,13,54,2012
National University of Singapore,40,65.7,31592,15.5,34,49,2012
University of Minnesota,42,66.1,46825,18,13,52,2012
University of North Carolina at Chapel Hill,43,67.6,26518,7.3,8,58,2012
New York University,44,60.2,42056,6.8,19,55,2012
LMU Munich,45,63.8,35691,15.5,13,62,2012
神cole Polytechnique F姓d姓rale de Lausanne,46,53.1,9666,10.5,54,27,2012
University of Manchester,48,59,34938,15.3,34,52,2012
Pennsylvania State University,51,53.5,44501,12.4,12,46,2012
Boston University,54,60.7,24789,8.6,17,58,2012
University of Southern California,55,65.8,36534,12.9,20,52,2012
King__s College London,56,49.8,21394,11.4,37,61,2012
Ohio State University,57,61.8,51462,13.4,12,49,2012
University of Sydney,58,55.4,41868,20.2,28,57,2012
University of Pittsburgh,59,54.3,26485,5.8,10,51,2012
神cole Normale Sup姓rieure,59,56.6,2400,7.9,20,46,2012
University of Zurich,61,56.7,26583,6.5,19,57,2012
University of Massachusetts,64,54,56959,13,11,49,2012
McMaster University,65,41.9,23823,19.3,15,53,2012
University of Bristol,66,44.2,17906,14,25,53,2012
KU Leuven,67,52.5,42503,41.9,18,54,2012
Utrecht University,68,42.8,30779,15.4,7,59,2012
University of G神ttingen,69,51.4,25581,25.6,12,51,2012
Vanderbilt University,70,52.1,12161,3.6,10,52,2012
Tsinghua University,71,74.1,39763,13.7,10,32,2012
Rice University,72,45.9,6333,9,26,44,2012
Heidelberg University,73,57.1,28881,24.5,17,55,2012
The University of Queensland,74,47.5,34718,32.7,27,53,2012
Emory University,75,48.4,12338,4.5,18,56,2012
Wageningen University and Research Center,75,50.1,9248,17,21,56,2012
Tufts University,77,45.8,10410,10,14,54,2012
University of Colorado Boulder,77,39.5,29325,16.1,8,45,2012
Leiden University,79,45.4,21222,17.1,10,59,2012
"Rutgers, the State University of New Jersey",81,51.6,37032,17.3,8,51,2012
University of Rochester,81,47,9390,4.5,26,49,2012
Durham University,83,32.5,15489,15.7,24,54,2012
Pierre and Marie Curie University,84,56.3,27862,8.7,18,48,2012
University of St Andrews,85,37.1,8338,12.7,47,56,2012
"University of California, Irvine",86,36.2,26614,16.1,16,52,2012
Uppsala University,87,47.2,25266,18.2,12,57,2012
Technical University of Munich,88,50,35565,31.5,20,33,2012
University of Notre Dame,89,42.6,11829,13.8,10,44,2012
Dartmouth College,90,44.8,6178,6.6,16,47,2012
University of Helsinki,91,39.3,23505,15.1,6,66,2012
University of Amsterdam,92,41.7,24570,14.4,11,53,2012
Case Western Reserve University,93,54.2,9259,6.4,17,48,2012
"University of Maryland, College Park",94,41.1,31331,8.4,9,48,2012
Michigan State University,96,47.4,44750,15.7,15,51,2012
University of Arizona,97,45.1,36429,12.7,8,52,2012
Purdue University,98,56.6,39256,18.1,22,42,2012
University of Sussex,99,30.6,12001,17.4,35,54,2012
University of Alberta,100,50.6,36299,21.6,23,55,2012
University of Sheffield,101,44.6,23311,15.5,31,50,2012
University of Glasgow,102,37.5,22616,16,29,57,2012
University of Cape Town,103,34.3,20040,12.1,18,53,2012
Delft University of Technology,104,53.5,15920,19.4,25,26,2012
University of Montreal,104,54.5,38264,20.3,25,57,2012
Ghent University,106,41.1,32166,34.1,9,57,2012
"Royal Holloway, University of London",107,28.6,8747,15.9,37,57,2012
"University of California, Santa Cruz",110,28.5,17404,22.7,1,53,2012
University of Basel,111,38.9,12551,17.3,24,54,2012
University of Bern,112,43,14708,22.5,14,54,2012
University of Utah,113,42.1,25674,16.9,9,45,2012
Stony Brook University,114,37.7,21908,10.9,24,50,2012
Monash University,117,40.5,50882,40.5,36,56,2012
Trinity College Dublin,117,30.3,15521,18,25,57,2012
Osaka University,119,61.8,23144,7.8,9,31,2012
Tohoku University,120,57.7,17200,5,7,25,2012
Hebrew University of Jerusalem,121,47.7,17612,10.7,5,55,2012
Indiana University,123,46.8,62468,13.6,13,53,2012
Aarhus University,125,30.7,23895,13.6,14,54,2012
University of Florida,125,46.7,50095,18.7,9,54,2012
Arizona State University,127,38.2,83236,29.9,9,50,2012
Queen Mary University of London,127,29,14260,14,40,52,2012
University of Southampton,127,35.6,20925,13.5,29,53,2012
University of Geneva,130,34.9,15668,15,39,61,2012
Lancaster University,131,32.6,11512,14.9,33,52,2012
Stockholm University,131,25,31715,23.7,8,62,2012
University of Leeds,133,44.6,27703,14.7,21,58,2012
University of Groningen,134,32.4,24556,25.6,12,52,2012
George Washington University,135,44.2,20541,12,16,56,2012
University of Copenhagen,135,37.8,27545,4.1,19,67,2012
University of Virginia,135,37,23845,10.2,12,52,2012
Georgetown University,138,52.5,15408,8.5,14,53,2012
University of Vienna,139,49.5,34651,20.5,25,67,2012
University of Nottingham,140,40.2,30144,15,27,54,2012
University of Iowa,141,47.7,27526,11.6,11,52,2012
神cole Normale Sup姓rieure de Lyon,141,35.3,2218,8,14,49,2012
"University of California, Riverside",143,27.8,20626,22,12,51,2012
Rensselaer Polytechnic Institute,144,31.7,6671,15,16,30,2012
University of East Anglia,145,26.5,14992,14.7,28,58,2012
Newcastle University,146,34.2,20174,15.2,29,50,2012
William & Mary,146,40,7867,11.8,7,54,2012
University of Birmingham,148,42.6,25295,16.4,23,54,2012
"Birkbeck, University of London",149,25.9,9454,17.2,38,55,2012
Brandeis University,150,25.3,5495,12.6,22,55,2012
Chinese University of Hong Kong,151,47,17916,10.2,22,53,2012
Free University of Berlin,151,46.3,33062,39.3,20,58,2012
University of Aberdeen,151,30.6,12938,15.8,33,54,2012
National Taiwan University,154,47.8,31891,11.9,7,39,2012
Yeshiva University,154,43.6,6753,5.5,7,53,2012
University of Exeter,156,31.3,17755,18.8,28,54,2012
Erasmus University Rotterdam,157,28.8,20580,18.9,18,48,2012
University of Warwick,157,39.7,18529,16.6,37,48,2012
Radboud University Nijmegen,159,27.7,17713,13,10,58,2012
VU University Amsterdam,159,30.4,23280,16.3,6,56,2012
Wake Forest University,162,36.4,7326,4.6,5,51,2012
Texas A&M University,164,42.3,50657,21.4,9,47,2012
University of Reading,164,36.9,12050,14.8,28,55,2012
University of Illinois at Chicago,167,53.3,24313,9.2,17,53,2012
RWTH Aachen University,168,36.1,37917,27.6,16,31,2012
Nanyang Technological University,169,41.4,25028,16.2,33,48,2012
Paris Diderot University __ Paris 7,169,23.3,27756,14.8,17,63,2012
Universit姓 Catholique de Louvain,169,29.2,28856,42,19,54,2012
University of Miami,172,45.7,15286,5.7,14,50,2012
Queen__s University,173,39.7,20488,22.1,10,58,2012
University of Auckland,173,28.3,29787,18.9,28,54,2012
University of New South Wales,173,36.1,38309,25.9,33,47,2012
University of Dundee,176,20.8,11628,15.3,25,60,2012
University of Victoria,177,16.8,17581,21.5,11,56,2012
Technical University of Denmark,178,31.9,9990,5,18,27,2012
University of S瀬o Paulo,178,61.7,81402,14.6,4,48,2012
University of Delaware,180,26.4,19262,15.9,10,56,2012
Goethe University Frankfurt,181,30.5,31861,9.3,15,60,2012
University of Liverpool,181,34.8,18815,13.6,30,52,2012
Iowa State University,184,32.8,29991,17.4,11,44,2012
University of Ottawa,185,38.9,36733,26.3,15,60,2012
Pompeu Fabra University,186,23.4,10901,18.3,13,59,2012
KTH Royal Institute of Technology,187,40.9,12062,14.6,21,30,2012
University of T神bingen,187,34.4,28327,38.9,12,58,2012
University of Freiburg,189,35.7,26467,31.2,16,52,2012
University of Western Australia,189,32.1,20851,20.7,27,50,2012
University of Bergen,191,29,11623,11.1,12,60,2012
City University of Hong Kong,193,30.2,10015,7.1,28,51,2012
University of Konstanz,194,29,10930,59.1,12,54,2012
Boston College,195,26.5,13216,17.4,19,54,2012
Karlsruhe Institute of Technology,196,34.6,25294,24.6,16,26,2012
Maastricht University,197,30.6,15626,18.9,48,56,2012
University of Leicester,197,27.6,14541,13.4,35,54,2012
University of Twente,200,32.9,6631,12,26,37,2012
California Institute of Technology,1,96.3,2243,6.9,27,33,2013
Stanford University,2,95,15596,7.8,22,42,2013
University of Oxford,2,89.7,19919,11.6,34,46,2013
Massachusetts Institute of Technology,5,92.9,11074,9,33,37,2013
Princeton University,6,89.5,7929,8.4,27,45,2013
University of Cambridge,7,91.2,18812,11.8,34,46,2013
Imperial College London,8,88,15060,11.7,51,37,2013
"University of California, Berkeley",9,85.1,36186,16.4,15,50,2013
University of Chicago,10,89.6,14221,6.9,21,42,2013
Yale University,11,93.2,11751,4.4,20,50,2013
ETH Zurich __ Swiss Federal Institute of Technology Zurich,12,82.5,18178,14.7,37,31,2013
"University of California, Los Angeles",13,87.3,38206,10.3,15,52,2013
University of Pennsylvania,15,90,20376,6.5,20,51,2013
Johns Hopkins University,16,81.8,15128,3.6,23,50,2013
University College London,17,83.5,26607,10.7,46,56,2013
Cornell University,18,77,21424,10.2,19,48,2013
Northwestern University,19,77.6,18334,13.8,15,48,2013
University of Michigan,20,76.1,41786,9,16,48,2013
Carnegie Mellon University,22,71.8,11885,13.1,35,39,2013
Duke University,23,72.3,15172,4.8,17,49,2013
University of Washington,24,74.7,44020,11.8,13,53,2013
Georgia Institute of Technology,25,70.2,19967,20.1,26,31,2013
University of Texas at Austin,25,75.5,49427,17.4,9,51,2013
University of Melbourne,28,68.4,40128,23.7,35,55,2013
National University of Singapore,29,74.4,31592,15.5,34,49,2013
University of British Columbia,30,69.1,50152,17.6,25,54,2013
University of Wisconsin-Madison,31,76.1,39655,10.8,11,51,2013
University of Edinburgh,32,68.4,25774,14.1,36,58,2013
University of Illinois at Urbana-Champaign,33,74.2,42727,18.7,20,47,2013
McGill University,34,74.4,31326,13.7,23,56,2013
"University of California, Santa Barbara",35,56.1,22020,27.3,11,52,2013
University of Hong Kong,35,78.4,19835,17.6,38,53,2013
Australian National University,37,68.6,14604,19.2,35,52,2013
"University of California, San Diego",38,63.4,27233,6.5,11,48,2013
神cole Polytechnique F姓d姓rale de Lausanne,40,62.4,9666,10.5,54,27,2013
New York University,41,73.8,42056,6.8,19,55,2013
Karolinska Institute,42,66.3,7774,11.5,22,70,2013
University of North Carolina at Chapel Hill,42,70.4,26518,7.3,8,58,2013
"University of California, Davis",44,67.9,35364,13.9,13,54,2013
University of Minnesota,47,66.1,46825,18,13,52,2013
LMU Munich,48,65.4,35691,15.5,13,62,2013
University of Manchester,49,65.9,34938,15.3,34,52,2013
Tsinghua University,52,74.5,39763,13.7,10,32,2013
Ohio State University,53,66.7,51462,13.4,12,49,2013
Boston University,54,65.4,24789,8.6,17,58,2013
University of Southern California,56,68.4,36534,12.9,20,52,2013
King__s College London,57,53.5,21394,11.4,37,61,2013
KU Leuven,58,59.7,42503,41.9,18,54,2013
神cole Normale Sup姓rieure,59,61.6,2400,7.9,20,46,2013
Pennsylvania State University,61,55,44501,12.4,12,46,2013
University of Sydney,62,59.5,41868,20.2,28,57,2013
Leiden University,64,54,21222,17.1,10,59,2013
The University of Queensland,65,54.4,34718,32.7,27,53,2013
Utrecht University,67,48,30779,15.4,7,59,2013
Purdue University,69,59.8,39256,18.1,22,42,2013
University of G神ttingen,70,50,25581,25.6,12,51,2013
Wageningen University and Research Center,70,54.9,9248,17,21,56,2013
Erasmus University Rotterdam,72,44.5,20580,18.9,18,48,2013
University of Massachusetts,72,57.1,56959,13,11,49,2013
University of Bristol,74,50.1,17906,14,25,53,2013
Rice University,75,49.5,6333,9,26,44,2013
University of Pittsburgh,76,54.6,26485,5.8,10,51,2013
Delft University of Technology,77,59.9,15920,19.4,25,26,2013
Heidelberg University,78,61.4,28881,24.5,17,55,2013
Emory University,79,56.7,12338,4.5,18,56,2013
Durham University,80,42.3,15489,15.7,24,54,2013
Pierre and Marie Curie University,81,59.2,27862,8.7,18,48,2013
University of Amsterdam,83,45.6,24570,14.4,11,53,2013
University of Montreal,84,54,38264,20.3,25,57,2013
University of New South Wales,85,52.6,38309,25.9,33,47,2013
Nanyang Technological University,86,45.7,25028,16.2,33,48,2013
Tufts University,87,52.6,10410,10,14,54,2013
McMaster University,88,42.3,23823,19.3,15,53,2013
University of Groningen,89,43.8,24556,25.6,12,52,2013
University of Zurich,89,50,26583,6.5,19,57,2013
University of Colorado Boulder,91,42.3,29325,16.1,8,45,2013
Ghent University,93,46.4,32166,34.1,9,57,2013
Michigan State University,94,51.8,44750,15.7,15,51,2013
University of Notre Dame,94,48.3,11829,13.8,10,44,2013
"University of California, Irvine",96,44,26614,16.1,16,52,2013
"University of Maryland, College Park",97,44.9,31331,8.4,9,48,2013
University of Arizona,98,47,36429,12.7,8,52,2013
Monash University,99,47.8,50882,40.5,36,56,2013
"Rutgers, the State University of New Jersey",99,50.9,37032,17.3,8,51,2013
University of Rochester,102,46,9390,4.5,26,49,2013
Case Western Reserve University,104,56.5,9259,6.4,17,48,2013
Technical University of Munich,105,51.2,35565,31.5,20,33,2013
Uppsala University,106,48.6,25266,18.2,12,57,2013
Vanderbilt University,106,51.5,12161,3.6,10,52,2013
University of St Andrews,108,43.2,8338,12.7,47,56,2013
University of Helsinki,109,42.8,23505,15.1,6,66,2013
Trinity College Dublin,110,41.9,15521,18,25,57,2013
University of Sheffield,110,49.5,23311,15.5,31,50,2013
University of Sussex,110,34.9,12001,17.4,35,54,2013
University of Cape Town,113,34.7,20040,12.1,18,53,2013
Maastricht University,115,39.7,15626,18.9,48,56,2013
Aarhus University,116,35.7,23895,13.6,14,54,2013
Stockholm University,117,31.3,31715,23.7,8,62,2013
University of Virginia,118,55.9,23845,10.2,12,52,2013
"Royal Holloway, University of London",119,30.5,8747,15.9,37,57,2013
University of Nottingham,120,48.1,30144,15,27,54,2013
University of Alberta,121,50.9,36299,21.6,23,55,2013
"University of California, Santa Cruz",122,32.1,17404,22.7,1,53,2013
University of Florida,122,52,50095,18.7,9,54,2013
Chinese University of Hong Kong,124,53.7,17916,10.2,22,53,2013
Dartmouth College,124,47.5,6178,6.6,16,47,2013
University of Warwick,124,48.9,18529,16.6,37,48,2013
Radboud University Nijmegen,127,35.7,17713,13,10,58,2013
Free University of Berlin,128,53.1,33062,39.3,20,58,2013
University of Copenhagen,130,42.2,27545,4.1,19,67,2013
University of Southampton,130,37.9,20925,13.5,29,53,2013
University of Geneva,133,36.2,15668,15,39,61,2013
Indiana University,134,48.3,62468,13.6,13,53,2013
National Taiwan University,134,56.4,31891,11.9,7,39,2013
University of Utah,134,43.3,25674,16.9,9,45,2013
Hebrew University of Jerusalem,137,48.8,17612,10.7,5,55,2013
Tohoku University,137,57.7,17200,5,7,25,2013
University of Glasgow,139,37.3,22616,16,29,57,2013
KTH Royal Institute of Technology,140,47.5,12062,14.6,21,30,2013
VU University Amsterdam,140,40.5,23280,16.3,6,56,2013
University of Basel,142,37.1,12551,17.3,24,54,2013
University of Leeds,142,41.5,27703,14.7,21,58,2013
University of Freiburg,144,48.3,26467,31.2,16,52,2013
Lancaster University,145,37.7,11512,14.9,33,52,2013
Queen Mary University of London,145,33.1,14260,14,40,52,2013
Osaka University,147,59.5,23144,7.8,9,31,2013
Arizona State University,148,38.4,83236,29.9,9,50,2013
Technical University of Denmark,149,37.9,9990,5,18,27,2013
Boston College,150,34.5,13216,17.4,19,54,2013
Karlsruhe Institute of Technology,151,46.3,25294,24.6,16,26,2013
University of Bern,151,43,14708,22.5,14,54,2013
University of Exeter,153,33.2,17755,18.8,28,54,2013
RWTH Aachen University,154,45.3,37917,27.6,16,31,2013
"University of California, Riverside",154,29.1,20626,22,12,51,2013
Texas A&M University,156,46.4,50657,21.4,9,47,2013
Yeshiva University,156,51.7,6753,5.5,7,53,2013
University of Birmingham,158,44.8,25295,16.4,23,54,2013
University of S瀬o Paulo,158,63,81402,14.6,4,48,2013
University of Auckland,161,34,29787,18.9,28,54,2013
Stony Brook University,162,38.8,21908,10.9,24,50,2013
University of Vienna,162,44.3,34651,20.5,25,67,2013
Universit姓 Catholique de Louvain,164,38.6,28856,42,19,54,2013
University of Delaware,165,30,19262,15.9,10,56,2013
Paris Diderot University __ Paris 7,166,31.9,27756,14.8,17,63,2013
University of Texas at Dallas,167,32.6,16306,22.8,23,44,2013
George Washington University,168,48.1,20541,12,16,56,2013
University of Iowa,169,49,27526,11.6,11,52,2013
神cole Normale Sup姓rieure de Lyon,170,40.8,2218,8,14,49,2013
University of Bonn,171,40.9,32474,70.4,13,55,2013
University of Liverpool,171,38.7,18815,13.6,30,52,2013
University of Ottawa,171,40.8,36733,26.3,15,60,2013
Georgetown University,174,56.4,15408,8.5,14,53,2013
Rensselaer Polytechnic Institute,174,36.2,6671,15,16,30,2013
University of Aberdeen,176,31.9,12938,15.8,33,54,2013
University of Adelaide,176,37.3,20771,30.1,26,48,2013
University of East Anglia,176,29.6,14992,14.7,28,58,2013
University of Reading,176,39.3,12050,14.8,28,55,2013
Newcastle University,180,37.9,20174,15.2,29,50,2013
City University of Hong Kong,182,35.2,10015,7.1,28,51,2013
Colorado School of Mines,184,24.9,5287,18.2,12,26,2013
University of Illinois at Chicago,184,53.9,24313,9.2,17,53,2013
William & Mary,184,41.3,7867,11.8,7,54,2013
University of Twente,187,35.8,6631,12,26,37,2013
University of Western Australia,190,35,20851,20.7,27,50,2013
Wake Forest University,190,37.5,7326,4.6,5,51,2013
University of Antwerp,192,33.8,12346,30.3,16,56,2013
Iowa State University,193,35.7,29991,17.4,11,44,2013
Technion Israel Institute of Technology,193,44.8,13855,19.4,4,35,2013
University of Miami,193,48.7,15286,5.7,14,50,2013
University of Leicester,196,33,14541,13.4,35,54,2013
University of Victoria,196,20.2,17581,21.5,11,56,2013
University at Buffalo,198,46.3,25668,19,19,47,2013
Goethe University Frankfurt,199,33.3,31861,9.3,15,60,2013
"Birkbeck, University of London",200,27.6,9454,17.2,38,55,2013
California Institute of Technology,1,94.4,2243,6.9,27,33,2014
University of Oxford,2,89,19919,11.6,34,46,2014
Stanford University,4,94.7,15596,7.8,22,42,2014
Massachusetts Institute of Technology,5,92.9,11074,9,33,37,2014
Princeton University,6,89.9,7929,8.4,27,45,2014
University of Cambridge,7,90.6,18812,11.8,34,46,2014
"University of California, Berkeley",8,83.2,36186,16.4,15,50,2014
University of Chicago,9,85.6,14221,6.9,21,42,2014
Imperial College London,10,84.5,15060,11.7,51,37,2014
Yale University,11,89.5,11751,4.4,20,50,2014
"University of California, Los Angeles",12,84.8,38206,10.3,15,52,2014
ETH Zurich __ Swiss Federal Institute of Technology Zurich,14,77.6,18178,14.7,37,31,2014
Johns Hopkins University,15,75.7,15128,3.6,23,50,2014
University of Pennsylvania,16,79.8,20376,6.5,20,51,2014
Duke University,17,73.9,15172,4.8,17,49,2014
University of Michigan,18,70,41786,9,16,48,2014
Cornell University,19,72.1,21424,10.2,19,48,2014
University College London,21,70.5,26607,10.7,46,56,2014
Northwestern University,22,70.2,18334,13.8,15,48,2014
Carnegie Mellon University,24,63.1,11885,13.1,35,39,2014
University of Washington,25,65.6,44020,11.8,13,53,2014
National University of Singapore,26,68,31592,15.5,34,49,2014
University of Texas at Austin,27,64.7,49427,17.4,9,51,2014
Georgia Institute of Technology,28,59.4,19967,20.1,26,31,2014
University of Illinois at Urbana-Champaign,29,66,42727,18.7,20,47,2014
University of Wisconsin-Madison,30,69.8,39655,10.8,11,51,2014
University of British Columbia,31,59.9,50152,17.6,25,54,2014
"University of California, Santa Barbara",33,47.8,22020,27.3,11,52,2014
University of Melbourne,34,57.1,40128,23.7,35,55,2014
McGill University,35,61.5,31326,13.7,23,56,2014
Karolinska Institute,36,58.1,7774,11.5,22,70,2014
神cole Polytechnique F姓d姓rale de Lausanne,37,52.9,9666,10.5,54,27,2014
King__s College London,38,56.2,21394,11.4,37,61,2014
University of Edinburgh,39,56.6,25774,14.1,36,58,2014
New York University,40,65.4,42056,6.8,19,55,2014
"University of California, San Diego",40,52,27233,6.5,11,48,2014
University of Hong Kong,43,61.6,19835,17.6,38,53,2014
University of Minnesota,46,61.4,46825,18,13,52,2014
University of North Carolina at Chapel Hill,47,57.6,26518,7.3,8,58,2014
Australian National University,48,51.8,14604,19.2,35,52,2014
Pennsylvania State University,49,55.3,44501,12.4,12,46,2014
Boston University,50,56.5,24789,8.6,17,58,2014
Tsinghua University,50,66.8,39763,13.7,10,32,2014
"University of California, Davis",52,55.5,35364,13.9,13,54,2014
LMU Munich,55,55.4,35691,15.5,13,62,2014
University of Manchester,58,54.5,34938,15.3,34,52,2014
Ohio State University,59,58.3,51462,13.4,12,49,2014
KU Leuven,61,48.6,42503,41.9,18,54,2014
Purdue University,62,53.7,39256,18.1,22,42,2014
The University of Queensland,63,43.4,34718,32.7,27,53,2014
University of G神ttingen,63,45.1,25581,25.6,12,51,2014
Rice University,65,44.1,6333,9,26,44,2014
神cole Normale Sup姓rieure,65,54.6,2400,7.9,20,46,2014
Leiden University,67,41.9,21222,17.1,10,59,2014
Heidelberg University,68,57.8,28881,24.5,17,55,2014
Delft University of Technology,69,55.8,15920,19.4,25,26,2014
University of Southern California,70,58.7,36534,12.9,20,52,2014
University of Sydney,72,47.4,41868,20.2,28,57,2014
Erasmus University Rotterdam,73,37.8,20580,18.9,18,48,2014
University of Basel,74,39.1,12551,17.3,24,54,2014
Utrecht University,74,36.3,30779,15.4,7,59,2014
Nanyang Technological University,76,37.7,25028,16.2,33,48,2014
Wageningen University and Research Center,77,43.1,9248,17,21,56,2014
University of Pittsburgh,78,48.6,26485,5.8,10,51,2014
University of Bristol,79,39.6,17906,14,25,53,2014
Durham University,80,38.3,15489,15.7,24,54,2014
Emory University,80,50.4,12338,4.5,18,56,2014
Tufts University,80,46.7,10410,10,14,54,2014
Michigan State University,83,50,44750,15.7,15,51,2014
University of Amsterdam,83,38.3,24570,14.4,11,53,2014
Ghent University,85,41,32166,34.1,9,57,2014
Free University of Berlin,86,43.8,33062,39.3,20,58,2014
Technical University of Munich,87,48.2,35565,31.5,20,33,2014
Case Western Reserve University,88,51,9259,6.4,17,48,2014
Vanderbilt University,88,46.8,12161,3.6,10,52,2014
University of Notre Dame,90,41.2,11829,13.8,10,44,2014
Monash University,91,42.5,50882,40.5,36,56,2014
McMaster University,92,35.3,23823,19.3,15,53,2014
"University of California, Irvine",93,37.1,26614,16.1,16,52,2014
University of Rochester,95,42.8,9390,4.5,26,49,2014
Pierre and Marie Curie University,96,50.2,27862,8.7,18,48,2014
University of Colorado Boulder,97,34.2,29325,16.1,8,45,2014
Maastricht University,98,33.1,15626,18.9,48,56,2014
University of Groningen,98,36,24556,25.6,12,52,2014
University of Helsinki,100,35.5,23505,15.1,6,66,2014
"Royal Holloway, University of London",102,30.4,8747,15.9,37,57,2014
"Rutgers, the State University of New Jersey",103,43.4,37032,17.3,8,51,2014
Stockholm University,103,28.6,31715,23.7,8,62,2014
University of Arizona,103,39.4,36429,12.7,8,52,2014
University of Montreal,106,45.7,38264,20.3,25,57,2014
"University of Maryland, College Park",108,39,31331,8.4,9,48,2014
Chinese University of Hong Kong,109,45.5,17916,10.2,22,53,2014
University of Alberta,109,44.6,36299,21.6,23,55,2014
Uppsala University,111,38.9,25266,18.2,12,57,2014
University of Sheffield,112,40.6,23311,15.5,31,50,2014
University of Virginia,112,49.7,23845,10.2,12,52,2014
Queen Mary University of London,114,31,14260,14,40,52,2014
University of New South Wales,114,38.8,38309,25.9,33,47,2014
KTH Royal Institute of Technology,117,45,12062,14.6,21,30,2014
Technical University of Denmark,117,38.9,9990,5,18,27,2014
University of Glasgow,117,34.5,22616,16,29,57,2014
University of St Andrews,117,36.9,8338,12.7,47,56,2014
University of Sussex,121,29.5,12001,17.4,35,54,2014
University of Zurich,121,38,26583,6.5,19,57,2014
University of Geneva,124,31.4,15668,15,39,61,2014
Dartmouth College,126,38.5,6178,6.6,16,47,2014
University of Cape Town,126,26.3,20040,12.1,18,53,2014
University of Florida,128,48,50095,18.7,9,54,2014
RWTH Aachen University,129,40.4,37917,27.6,16,31,2014
Trinity College Dublin,129,33.1,15521,18,25,57,2014
Radboud University Nijmegen,131,29.7,17713,13,10,58,2014
Indiana University,132,45.8,62468,13.6,13,53,2014
University of Massachusetts,132,40.7,56959,13,11,49,2014
Boston College,135,26.3,13216,17.4,19,54,2014
"University of California, Santa Cruz",136,25.9,17404,22.7,1,53,2014
Lancaster University,137,34.8,11512,14.9,33,52,2014
Aarhus University,138,30.7,23895,13.6,14,54,2014
Colorado School of Mines,139,22.7,5287,18.2,12,26,2014
University of Leeds,139,34.9,27703,14.7,21,58,2014
University of Warwick,141,39.8,18529,16.6,37,48,2014
National Taiwan University,142,47.1,31891,11.9,7,39,2014
University of Utah,143,39.4,25674,16.9,9,45,2014
Osaka University,144,52.5,23144,7.8,9,31,2014
VU University Amsterdam,144,33.1,23280,16.3,6,56,2014
Arizona State University,146,33.8,83236,29.9,9,50,2014
University of Southampton,146,33.2,20925,13.5,29,53,2014
"University of California, Riverside",148,25.9,20626,22,12,51,2014
University of Exeter,148,29.2,17755,18.8,28,54,2014
Tohoku University,150,51.8,17200,5,7,25,2014
University of Copenhagen,150,33.9,27545,4.1,19,67,2014
University of Freiburg,152,40.1,26467,31.2,16,52,2014
University of Birmingham,153,42.8,25295,16.4,23,54,2014
Karlsruhe Institute of Technology,154,39,25294,24.6,16,26,2014
神cole Normale Sup姓rieure de Lyon,156,37.1,2218,8,14,49,2014
University of Bern,157,38.9,14708,22.5,14,54,2014
University of Nottingham,157,38.4,30144,15,27,54,2014
Texas A&M University,159,43,50657,21.4,9,47,2014
Georgetown University,160,51.9,15408,8.5,14,53,2014
University of Iowa,161,44.2,27526,11.6,11,52,2014
University of Leicester,161,32.5,14541,13.4,35,54,2014
Brandeis University,164,28.8,5495,12.6,22,55,2014
Pompeu Fabra University,164,27,10901,18.3,13,59,2014
University of Antwerp,164,34.5,12346,30.3,16,56,2014
University of Auckland,164,26.7,29787,18.9,28,54,2014
University of Western Australia,168,34.6,20851,20.7,27,50,2014
University of Liverpool,169,31.1,18815,13.6,30,52,2014
University of Twente,170,32.7,6631,12,26,37,2014
University of Vienna,170,35.8,34651,20.5,25,67,2014
Universit姓 Catholique de Louvain,172,30.1,28856,42,19,54,2014
Yeshiva University,172,47.3,6753,5.5,7,53,2014
University of Delaware,174,27,19262,15.9,10,56,2014
University of East Anglia,174,27.2,14992,14.7,28,58,2014
University at Buffalo,176,40.2,25668,19,19,47,2014
Universit姓 Libre de Bruxelles,176,22.7,23819,26.1,32,54,2014
Paris Diderot University __ Paris 7,178,24,27756,14.8,17,63,2014
Stony Brook University,178,32.5,21908,10.9,24,50,2014
Wake Forest University,180,36.1,7326,4.6,5,51,2014
Rensselaer Polytechnic Institute,181,30.7,6671,15,16,30,2014
University of Bonn,181,35.8,32474,70.4,13,55,2014
Iowa State University,183,35.6,29991,17.4,11,44,2014
Northeastern University,184,34.5,18539,15.1,26,50,2014
University of Miami,185,43.2,15286,5.7,14,50,2014
University of Ottawa,185,36.5,36733,26.3,15,60,2014
University of Aberdeen,188,27.9,12938,15.8,33,54,2014
University of Texas at Dallas,188,25.5,16306,22.8,23,44,2014
Hebrew University of Jerusalem,191,42.8,17612,10.7,5,55,2014
University of Illinois at Chicago,191,45.5,24313,9.2,17,53,2014
Mines ParisTech,193,41.6,1283,5.6,22,28,2014
George Washington University,194,45.6,20541,12,16,56,2014
University of Reading,194,36,12050,14.8,28,55,2014
University of Dundee,196,22.5,11628,15.3,25,60,2014
Florida Institute of Technology,197,15.9,4408,13.7,26,34,2014
Newcastle University,198,29.7,20174,15.2,29,50,2014
Bo_azi神i University,199,20.5,11506,25,7,50,2014
California Institute of Technology,1,92.2,2243,6.9,27,33,2015
University of Oxford,3,88.6,19919,11.6,34,46,2015
Stanford University,4,91.5,15596,7.8,22,42,2015
University of Cambridge,5,89.7,18812,11.8,34,46,2015
Massachusetts Institute of Technology,6,89.1,11074,9,33,37,2015
Princeton University,7,86.6,7929,8.4,27,45,2015
"University of California, Berkeley",8,84.2,36186,16.4,15,50,2015
Imperial College London,9,84.6,15060,11.7,51,37,2015
Yale University,9,88.5,11751,4.4,20,50,2015
University of Chicago,11,83.9,14221,6.9,21,42,2015
"University of California, Los Angeles",12,82.4,38206,10.3,15,52,2015
ETH Zurich __ Swiss Federal Institute of Technology Zurich,13,78.2,18178,14.7,37,31,2015
Johns Hopkins University,15,75.6,15128,3.6,23,50,2015
University of Pennsylvania,16,79,20376,6.5,20,51,2015
University of Michigan,17,77,41786,9,16,48,2015
Duke University,18,73.5,15172,4.8,17,49,2015
Cornell University,19,71.6,21424,10.2,19,48,2015
Northwestern University,21,72.7,18334,13.8,15,48,2015
University College London,22,70.4,26607,10.7,46,56,2015
Carnegie Mellon University,24,61.6,11885,13.1,35,39,2015
National University of Singapore,25,72,31592,15.5,34,49,2015
University of Washington,26,64.5,44020,11.8,13,53,2015
Georgia Institute of Technology,27,62.5,19967,20.1,26,31,2015
University of Texas at Austin,28,64.3,49427,17.4,9,51,2015
LMU Munich,29,65.1,35691,15.5,13,62,2015
University of Illinois at Urbana-Champaign,29,67.7,42727,18.7,20,47,2015
University of Wisconsin-Madison,29,67.7,39655,10.8,11,51,2015
University of British Columbia,32,60.5,50152,17.6,25,54,2015
University of Melbourne,33,60.4,40128,23.7,35,55,2015
神cole Polytechnique F姓d姓rale de Lausanne,34,54.7,9666,10.5,54,27,2015
University of Edinburgh,36,58.9,25774,14.1,36,58,2015
"University of California, Santa Barbara",37,49.4,22020,27.3,11,52,2015
New York University,38,68.3,42056,6.8,19,55,2015
McGill University,39,63.3,31326,13.7,23,56,2015
King__s College London,40,55.6,21394,11.4,37,61,2015
"University of California, San Diego",41,52,27233,6.5,11,48,2015
University of Hong Kong,43,62.1,19835,17.6,38,53,2015
Karolinska Institute,44,57.1,7774,11.5,22,70,2015
Australian National University,45,53.7,14604,19.2,35,52,2015
University of Minnesota,46,59.9,46825,18,13,52,2015
University of North Carolina at Chapel Hill,46,57.9,26518,7.3,8,58,2015
Tsinghua University,49,64.1,39763,13.7,10,32,2015
University of Manchester,52,58.1,34938,15.3,34,52,2015
KU Leuven,55,53,42503,41.9,18,54,2015
"University of California, Davis",55,54.4,35364,13.9,13,54,2015
Boston University,57,56.4,24789,8.6,17,58,2015
Pennsylvania State University,58,54.6,44501,12.4,12,46,2015
University of Sydney,60,52.8,41868,20.2,28,57,2015
Nanyang Technological University,61,43.9,25028,16.2,33,48,2015
Scuola Normale Superiore di Pisa,63,48.2,462,16.5,5,28,2015
Leiden University,64,45,21222,17.1,10,59,2015
The University of Queensland,65,45.8,34718,32.7,27,53,2015
University of G神ttingen,67,46.9,25581,25.6,12,51,2015
Ohio State University,68,54,51462,13.4,12,49,2015
Rice University,69,41.7,6333,9,26,44,2015
Heidelberg University,70,52.6,28881,24.5,17,55,2015
Delft University of Technology,71,55.5,15920,19.4,25,26,2015
Erasmus University Rotterdam,72,39.8,20580,18.9,18,48,2015
Wageningen University and Research Center,73,44.3,9248,17,21,56,2015
University of Bristol,74,43.7,17906,14,25,53,2015
University of Basel,75,41.2,12551,17.3,24,54,2015
University of Southern California,75,55.2,36534,12.9,20,52,2015
University of Amsterdam,77,42,24570,14.4,11,53,2015
神cole Normale Sup姓rieure,78,48.7,2400,7.9,20,46,2015
Utrecht University,79,38.2,30779,15.4,7,59,2015
Free University of Berlin,81,49.4,33062,39.3,20,58,2015
Michigan State University,82,51.1,44750,15.7,15,51,2015
Durham University,83,37.2,15489,15.7,24,54,2015
Monash University,83,43.7,50882,40.5,36,56,2015
Middle East Technical University,85,45.5,25779,22.2,7,44,2015
University of Arizona,86,44.9,36429,12.7,8,52,2015
University of Notre Dame,86,43.3,11829,13.8,10,44,2015
Tufts University,88,43.6,10410,10,14,54,2015
"University of California, Irvine",88,39.5,26614,16.1,16,52,2015
Ghent University,90,42.5,32166,34.1,9,57,2015
University of Massachusetts,91,44.8,56959,13,11,49,2015
University of Pittsburgh,91,45.2,26485,5.8,10,51,2015
Emory University,93,49,12338,4.5,18,56,2015
McMaster University,94,38.1,23823,19.3,15,53,2015
University of Glasgow,94,37,22616,16,29,57,2015
Vanderbilt University,96,46,12161,3.6,10,52,2015
University of Colorado Boulder,97,35,29325,16.1,8,45,2015
Stockholm University,98,30.1,31715,23.7,8,62,2015
Technical University of Munich,98,45.6,35565,31.5,20,33,2015
Uppsala University,98,40.2,25266,18.2,12,57,2015
Maastricht University,101,32.4,15626,18.9,48,56,2015
Purdue University,102,47.8,39256,18.1,22,42,2015
Pierre and Marie Curie University,103,47.3,27862,8.7,18,48,2015
University of Helsinki,103,37.5,23505,15.1,6,66,2015
University of Warwick,103,41.1,18529,16.6,37,48,2015
University of Zurich,103,40.2,26583,6.5,19,57,2015
Queen Mary University of London,107,32.4,14260,14,40,52,2015
University of Geneva,107,34.5,15668,15,39,61,2015
"University of California, Santa Cruz",109,30.6,17404,22.7,1,53,2015
University of New South Wales,109,41.1,38309,25.9,33,47,2015
University of St Andrews,111,35.7,8338,12.7,47,56,2015
University of Sussex,111,31.9,12001,17.4,35,54,2015
University of Montreal,113,43.8,38264,20.3,25,57,2015
University of T神bingen,113,41.5,28327,38.9,12,58,2015
Case Western Reserve University,116,46.5,9259,6.4,17,48,2015
University of Groningen,117,36.9,24556,25.6,12,52,2015
"Royal Holloway, University of London",118,29.1,8747,15.9,37,57,2015
Technical University of Denmark,121,39.9,9990,5,18,27,2015
University of Rochester,121,41.9,9390,4.5,26,49,2015
University of Sheffield,121,40,23311,15.5,31,50,2015
University of Alberta,124,43.8,36299,21.6,23,55,2015
University of Cape Town,124,26.8,20040,12.1,18,53,2015
Boston College,126,32.4,13216,17.4,19,54,2015
KTH Royal Institute of Technology,126,45.7,12062,14.6,21,30,2015
University of Florida,126,49.8,50095,18.7,9,54,2015
Chinese University of Hong Kong,129,43.9,17916,10.2,22,53,2015
University of Virginia,130,48.7,23845,10.2,12,52,2015
Lancaster University,131,35.4,11512,14.9,33,52,2015
University of Bern,132,42,14708,22.5,14,54,2015
"University of Maryland, College Park",132,36.5,31331,8.4,9,48,2015
University of Southampton,132,35.2,20925,13.5,29,53,2015
TU Dresden,135,39.8,35487,37.4,12,42,2015
VU University Amsterdam,136,35.5,23280,16.3,6,56,2015
Trinity College Dublin,138,39.4,15521,18,25,57,2015
Bo_azi神i University,139,28.5,11506,25,7,50,2015
Radboud University Nijmegen,140,30.5,17713,13,10,58,2015
Colorado School of Mines,141,26.1,5287,18.2,12,26,2015
Texas A&M University,141,46.2,50657,21.4,9,47,2015
"Rutgers, the State University of New Jersey",144,40.5,37032,17.3,8,51,2015
University of Leeds,146,39.4,27703,14.7,21,58,2015
Brandeis University,147,25.8,5495,12.6,22,55,2015
Sungkyunkwan University (SKKU),148,48.1,24365,20.3,9,39,2015
University of Birmingham,148,42.8,25295,16.4,23,54,2015
Indiana University,150,46.5,62468,13.6,13,53,2015
"University of California, Riverside",150,29.4,20626,22,12,51,2015
Dartmouth College,152,38.3,6178,6.6,16,47,2015
Aarhus University,153,30.9,23895,13.6,14,54,2015
University of Exeter,154,32,17755,18.8,28,54,2015
National Taiwan University,155,48.8,31891,11.9,7,39,2015
RWTH Aachen University,156,39,37917,27.6,16,31,2015
Osaka University,157,51.3,23144,7.8,9,31,2015
University of Liverpool,157,31.3,18815,13.6,30,52,2015
University of Western Australia,157,36.3,20851,20.7,27,50,2015
University of Copenhagen,160,34,27545,4.1,19,67,2015
神cole Normale Sup姓rieure de Lyon,160,38.1,2218,8,14,49,2015
University of Utah,162,38.8,25674,16.9,9,45,2015
University of Freiburg,163,38,26467,31.2,16,52,2015
University of Adelaide,164,33.8,20771,30.1,26,48,2015
Istanbul Technical University,165,30.2,34550,16,5,34,2015
Karlsruhe Institute of Technology,165,40.5,25294,24.6,16,26,2015
Pompeu Fabra University,165,25.1,10901,18.3,13,59,2015
Tohoku University,165,49.7,17200,5,7,25,2015
University of Miami,169,42.7,15286,5.7,14,50,2015
University of Antwerp,170,34.6,12346,30.3,16,56,2015
University of Nottingham,171,39.9,30144,15,27,54,2015
Universit姓 Catholique de Louvain,171,37.9,28856,42,19,54,2015
Georgetown University,173,51.1,15408,8.5,14,53,2015
University of Victoria,173,21.6,17581,21.5,11,56,2015
University of Auckland,175,28.6,29787,18.9,28,54,2015
University of Iowa,175,41.9,27526,11.6,11,52,2015
Syracuse University,177,32.4,19660,15.9,15,55,2015
University of Aberdeen,178,28,12938,15.8,33,54,2015
Paris Diderot University __ Paris 7,180,25.6,27756,14.8,17,63,2015
University of Delaware,180,29,19262,15.9,10,56,2015
Arizona State University,182,35.7,83236,29.9,9,50,2015
Sabancｱ University,182,26,2739,15.9,6,39,2015
University of Vienna,182,35.2,34651,20.5,25,67,2015
Northeastern University,185,36.4,18539,15.1,26,50,2015
Yeshiva University,186,45.2,6753,5.5,7,53,2015
Stony Brook University,188,32.8,21908,10.9,24,50,2015
University of Ottawa,188,37.9,36733,26.3,15,60,2015
University at Buffalo,191,40.1,25668,19,19,47,2015
City University of Hong Kong,192,31,10015,7.1,28,51,2015
Fudan University,193,45.6,32175,12.2,11,50,2015
Iowa State University,193,36.4,29991,17.4,11,44,2015
University of Bonn,195,32.2,32474,70.4,13,55,2015
Lomonosov Moscow State University,196,55.9,30822,7.7,20,43,2015
"St George__s, University of London",196,23.1,2958,13.4,17,61,2015
University of East Anglia,198,25.2,14992,14.7,28,58,2015
University of Leicester,199,29.8,14541,13.4,35,54,2015
Florida Institute of Technology,200,19.7,4408,13.7,26,34,2015
George Washington University,200,44.6,20541,12,16,56,2015
California Institute of Technology,1,95.6,2243,6.9,27,33,2016
University of Oxford,2,86.5,19919,11.6,34,46,2016
Stanford University,3,92.5,15596,7.8,22,42,2016
University of Cambridge,4,88.2,18812,11.8,34,46,2016
Massachusetts Institute of Technology,5,89.4,11074,9,33,37,2016
Princeton University,7,85.1,7929,8.4,27,45,2016
Imperial College London,8,83.3,15060,11.7,51,37,2016
ETH Zurich __ Swiss Federal Institute of Technology Zurich,9,77,18178,14.7,37,31,2016
University of Chicago,10,85.7,14221,6.9,21,42,2016
Johns Hopkins University,11,77.6,15128,3.6,23,50,2016
Yale University,12,86.5,11751,4.4,20,50,2016
"University of California, Berkeley",13,80.4,36186,16.4,15,50,2016
University College London,14,78.1,26607,10.7,46,56,2016
"University of California, Los Angeles",16,80.8,38206,10.3,15,52,2016
University of Pennsylvania,17,82,20376,6.5,20,51,2016
Cornell University,18,77.9,21424,10.2,19,48,2016
Duke University,20,76,15172,4.8,17,49,2016
University of Michigan,21,76.8,41786,9,16,48,2016
Carnegie Mellon University,22,67.4,11885,13.1,35,39,2016
University of Edinburgh,24,68.6,25774,14.1,36,58,2016
Northwestern University,25,69.8,18334,13.8,15,48,2016
National University of Singapore,26,71.7,31592,15.5,34,49,2016
King__s College London,27,64.5,21394,11.4,37,61,2016
Karolinska Institute,28,60.6,7774,11.5,22,70,2016
LMU Munich,29,70.5,35691,15.5,13,62,2016
New York University,30,74.7,42056,6.8,19,55,2016
神cole Polytechnique F姓d姓rale de Lausanne,31,61.3,9666,10.5,54,27,2016
University of Washington,32,67.1,44020,11.8,13,53,2016
University of Melbourne,33,62,40128,23.7,35,55,2016
University of British Columbia,34,60.2,50152,17.6,25,54,2016
KU Leuven,35,59.9,42503,41.9,18,54,2016
University of Illinois at Urbana-Champaign,36,64.5,42727,18.7,20,47,2016
Heidelberg University,37,68.8,28881,24.5,17,55,2016
McGill University,38,66.1,31326,13.7,23,56,2016
"University of California, San Diego",39,56.9,27233,6.5,11,48,2016
"University of California, Santa Barbara",39,52.6,22020,27.3,11,52,2016
Georgia Institute of Technology,41,57.8,19967,20.1,26,31,2016
"University of California, Davis",44,60.1,35364,13.9,13,54,2016
University of Hong Kong,44,64.6,19835,17.6,38,53,2016
University of Texas at Austin,46,59.3,49427,17.4,9,51,2016
Tsinghua University,47,73.3,39763,13.7,10,32,2016
Wageningen University and Research Center,47,52.6,9248,17,21,56,2016
University of Wisconsin-Madison,50,65.1,39655,10.8,11,51,2016
Australian National University,52,54.7,14604,19.2,35,52,2016
Technical University of Munich,53,61,35565,31.5,20,33,2016
神cole Normale Sup姓rieure,54,70.6,2400,7.9,20,46,2016
Nanyang Technological University,55,48.4,25028,16.2,33,48,2016
University of Manchester,56,58.4,34938,15.3,34,52,2016
University of Sydney,56,54.3,41868,20.2,28,57,2016
University of Amsterdam,58,52.2,24570,14.4,11,53,2016
The University of Queensland,60,49.2,34718,32.7,27,53,2016
Utrecht University,62,48.1,30779,15.4,7,59,2016
University of North Carolina at Chapel Hill,63,58,26518,7.3,8,58,2016
Boston University,64,57.8,24789,8.6,17,58,2016
Delft University of Technology,65,55,15920,19.4,25,26,2016
University of Minnesota,65,53.5,46825,18,13,52,2016
Leiden University,67,50.5,21222,17.1,10,59,2016
University of Southern California,68,49.3,36534,12.9,20,52,2016
University of Bristol,69,47.6,17906,14,25,53,2016
Durham University,70,47.9,15489,15.7,24,54,2016
Erasmus University Rotterdam,71,37.2,20580,18.9,18,48,2016
Free University of Berlin,72,57.9,33062,39.3,20,58,2016
Monash University,73,48.1,50882,40.5,36,56,2016
University of Groningen,74,43.3,24556,25.6,12,52,2016
Pennsylvania State University,75,50.4,44501,12.4,12,46,2016
University of Glasgow,76,41.6,22616,16,29,57,2016
University of Helsinki,76,48.4,23505,15.1,6,66,2016
University of T神bingen,78,47,28327,38.9,12,58,2016
University of Pittsburgh,79,50.6,26485,5.8,10,51,2016
University of Warwick,80,47.4,18529,16.6,37,48,2016
Uppsala University,81,44.1,25266,18.2,12,57,2016
University of Copenhagen,82,49.8,27545,4.1,19,67,2016
University of New South Wales,82,40.7,38309,25.9,33,47,2016
University of Freiburg,84,47.4,26467,31.2,16,52,2016
University of St Andrews,86,49.7,8338,12.7,47,56,2016
Vanderbilt University,87,47.8,12161,3.6,10,52,2016
Maastricht University,88,37.5,15626,18.9,48,56,2016
Emory University,90,48.3,12338,4.5,18,56,2016
Ohio State University,90,51.6,51462,13.4,12,49,2016
University of Exeter,93,39.4,17755,18.8,28,54,2016
University of Bonn,94,45.1,32474,70.4,13,55,2016
Georgetown University,94,54.4,15408,8.5,14,53,2016
McMaster University,94,39.8,23823,19.3,15,53,2016
University of Sheffield,97,42.4,23311,15.5,31,50,2016
Queen Mary University of London,98,34.1,14260,14,40,52,2016
University of G神ttingen,99,49.3,25581,25.6,12,51,2016
Michigan State University,99,47.3,44750,15.7,15,51,2016
University of Basel,101,39.5,12551,17.3,24,54,2016
Rice University,101,37.9,6333,9,26,44,2016
Dartmouth College,104,50.7,6178,6.6,16,47,2016
University of Zurich,104,49.5,26583,6.5,19,57,2016
Aarhus University,106,36.9,23895,13.6,14,54,2016
"University of California, Irvine",106,39.9,26614,16.1,16,52,2016
University of Mannheim,106,34.5,11761,85.8,15,55,2016
University of Notre Dame,108,47.6,11829,13.8,10,44,2016
University of Western Australia,109,33.4,20851,20.7,27,50,2016
RWTH Aachen University,110,49.4,37917,27.6,16,31,2016
University of Southampton,110,39.8,20925,13.5,29,53,2016
Scuola Normale Superiore di Pisa,112,54.2,462,16.5,5,28,2016
University of Montreal,113,46.3,38264,20.3,25,57,2016
Pierre and Marie Curie University,113,52.8,27862,8.7,18,48,2016
Purdue University,113,50.2,39256,18.1,22,42,2016
"University of Maryland, College Park",117,45,31331,8.4,9,48,2016
Ghent University,118,42.1,32166,34.1,9,57,2016
University of Birmingham,119,39.4,25295,16.4,23,54,2016
University of Bern,120,40,14708,22.5,14,54,2016
University of Cape Town,120,34.9,20040,12.1,18,53,2016
University of Florida,120,51.8,50095,18.7,9,54,2016
University of Erlangen-Nuremberg,123,51.7,36146,53.9,9,49,2016
"Rutgers, the State University of New Jersey",123,43.9,37032,17.3,8,51,2016
University of M神nster,125,40.3,39838,46.1,8,53,2016
Radboud University Nijmegen,125,34.3,17713,13,10,58,2016
University of Colorado Boulder,127,39.7,29325,16.1,8,45,2016
Tufts University,127,45.2,10410,10,14,54,2016
"Royal Holloway, University of London",129,35.1,8747,15.9,37,57,2016
Lancaster University,130,34,11512,14.9,33,52,2016
University of Geneva,131,34.9,15668,15,39,61,2016
Case Western Reserve University,133,46.1,9259,6.4,17,48,2016
University of Leeds,133,43.7,27703,14.7,21,58,2016
Stockholm University,136,34.1,31715,23.7,8,62,2016
University of Alberta,137,46.4,36299,21.6,23,55,2016
Chinese University of Hong Kong,138,41.5,17916,10.2,22,53,2016
Karlsruhe Institute of Technology,138,37.7,25294,24.6,16,26,2016
University of Sussex,140,33.4,12001,17.4,35,54,2016
University of Massachusetts,141,40.2,56959,13,11,49,2016
University of Vienna,142,40.8,34651,20.5,25,67,2016
University of Nottingham,143,40.3,30144,15,27,54,2016
"University of California, Santa Cruz",144,31.1,17404,22.7,1,53,2016
Autonomous University of Barcelona,146,40.3,30538,12.3,10,59,2016
University of Virginia,147,38.8,23845,10.2,12,52,2016
University of Adelaide,149,32.8,20771,30.1,26,48,2016
University of East Anglia,149,31.9,14992,14.7,28,58,2016
University of Twente,149,34.1,6631,12,26,37,2016
Sungkyunkwan University (SKKU),153,51.4,24365,20.3,9,39,2016
VU University Amsterdam,154,28.4,23280,16.3,6,56,2016
KTH Royal Institute of Technology,155,39,12062,14.6,21,30,2016
University of Cologne,156,42.2,43280,43.4,11,60,2016
University of Liverpool,157,32.8,18815,13.6,30,52,2016
TU Dresden,158,41.4,35487,37.4,12,42,2016
University of Rochester,158,39.7,9390,4.5,26,49,2016
Trinity College Dublin,160,41.9,15521,18,25,57,2016
Lomonosov Moscow State University,161,75.4,30822,7.7,20,43,2016
University of Miami,161,41.7,15286,5.7,14,50,2016
University of Arizona,163,38.7,36429,12.7,8,52,2016
Pompeu Fabra University,164,32.9,10901,18.3,13,59,2016
University of Reading,164,39.3,12050,14.8,28,55,2016
Yeshiva University,164,44.8,6753,5.5,7,53,2016
"University of California, Riverside",167,27.5,20626,22,12,51,2016
University of Leicester,167,32.1,14541,13.4,35,54,2016
National Taiwan University,167,54.1,31891,11.9,7,39,2016
Technical University of Denmark,167,37.3,9990,5,18,27,2016
Universit姓 Catholique de Louvain,167,38.7,28856,42,19,54,2016
University of Aberdeen,172,29.7,12938,15.8,33,54,2016
University of Auckland,172,31.4,29787,18.9,28,54,2016
University of Barcelona,174,38.5,47491,12.2,10,62,2016
University of Konstanz,175,38.5,10930,59.1,12,54,2016
Hebrew University of Jerusalem,178,45.8,17612,10.7,5,55,2016
University of Waterloo,179,35.4,30726,24.2,14,45,2016
Scuola Superiore Sant__Anna,180,42.5,769,8.5,17,35,2016
University of Bergen,182,32.5,11623,11.1,12,60,2016
Cardiff University,182,30.9,23347,13.1,23,57,2016
University of Utah,182,35.6,25674,16.9,9,45,2016
Brandeis University,185,28.3,5495,12.6,22,55,2016
University of Dundee,185,25.6,11628,15.3,25,60,2016
University of W神rzburg,185,34.6,26576,38.4,8,57,2016
Arizona State University,189,32.4,83236,29.9,9,50,2016
University of Antwerp,190,31.6,12346,30.3,16,56,2016
Boston College,190,34.1,13216,17.4,19,54,2016
Ulm University,192,35.2,9187,11.2,10,47,2016
University of Luxembourg,193,25,5144,15.9,52,50,2016
Texas A&M University,193,49.4,50657,21.4,9,47,2016
Charit姓 - Universit神tsmedizin Berlin,195,37.3,6853,6.6,16,64,2016
Newcastle University,196,30.9,20174,15.2,29,50,2016
"St George__s, University of London",196,25.6,2958,13.4,17,61,2016
University of Trento,198,30.8,16841,43.2,8,51,2016
Paris Diderot University __ Paris 7,199,30.5,27756,14.8,17,63,2016
Queen__s University Belfast,200,34.1,17940,17.9,30,54,2016